postcode, Installations Quantity Total ,SGU Rated Output In kW Total,latitude,longitude
3000,82,2109.576,-37.8152065,144.963937
3002,84,720.069,-37.8161444,144.9804594
3003,118,1677.48,-37.8114504,144.9253974
3004,18,370.96,-37.8301583,144.9804594
3006,38,1186.465,-37.8245483,144.963937
3008,109,1594.805,-37.8170652,144.9419122
3011,1026,6299.184,-37.7960195,144.9006313
3012,1651,10441.392,-37.8146251,144.8456217
3013,1115,5723.072,-37.819811,144.8813738
3015,1285,6299.291,-37.8352097,144.8786231
3016,1231,6570.753,-37.8571449,144.8813738
3018,1390,8484.019,-37.859343,144.8126334
3019,622,3712.78,-37.7903679,144.8566207
3020,3652,21685.042,-37.7791149,144.823628
3021,4304,19841.373,-37.7435941,144.8016402
3022,241,1204.859,-37.7776716,144.7988921
3023,7195,37014.643,-37.7687064,144.7521888
3024,4945,27421.001,-37.8706337,144.5875645
3025,1035,7414.22,-37.8388686,144.8346241
3026,679,13273.455,-37.8294185,144.7796581
3027,1085,5645.615,-37.8614859,144.7439497
3028,2744,12935.403,-37.8760399,144.7796581
3029,19035,115288.694,-37.8282806,144.7082568
3030,14038,78773.164,-37.938058,144.6753231
3031,803,4091.338,-37.790896,144.9198932
3032,1615,8267.791,-37.7773364,144.9006313
3033,1074,5799.817,-37.7343192,144.8566207
3034,797,3965.642,-37.7628247,144.8648709
3036,553,3012.935,-37.6912843,144.8126334
3037,5225,26048.442,-37.6940036,144.7521888
3038,2691,13874.508,-37.7024727,144.7906484
3039,772,4069.323,-37.7675363,144.9198932
3040,1472,8093.41,-37.7493029,144.9006313
3041,816,4739.162,-37.7306079,144.9006313
3042,1152,7476.052,-37.7245197,144.8758725
3043,1591,11396.72,-37.7044206,144.8786231
3044,1673,7956.756,-37.7310813,144.9364069
3045,12,819.835,-37.6679317,144.8401227
3046,2029,9477.055,-37.7044261,144.9336544
3047,1488,9500.38,-37.6763574,144.9336544
3048,1669,9316.304,-37.6539007,144.9226452
3049,850,4556.694,-37.6707522,144.8896264
3051,244,1673.092,-37.7983816,144.9419122
3052,131,1471.199,-37.7862363,144.9474178
3053,153,1413.453,-37.798389,144.9694441
3054,384,1669.289,-37.7843702,144.9694441
3055,773,3433.595,-37.761,144.9419122
3056,1410,7875.587,-37.7666099,144.9584302
3057,545,2694.451,-37.769412,144.9804594
3058,2855,15878.474,-37.7343488,144.9666905
3059,2451,16086.44,-37.6454887,144.8841246
3060,864,4459.625,-37.6969273,144.9666905
3061,844,15527.5,-37.665113,144.955677
3062,71,2791.795,-37.6332889,144.944665
3063,81,654.535,-37.5930751,144.8401227
3064,14394,88440.636,-37.5424079,144.9391595
3065,306,1738.79,-37.7974551,144.9804594
3066,230,1880.952,-37.8009595,144.9873447
3067,245,1830.088,-37.8023601,144.9983623
3068,1087,4961.785,-37.7885749,144.9887218
3070,2122,9535.728,-37.7736132,144.9997396
3071,1304,6817.942,-37.7600493,145.0080039
3072,2408,13622.458,-37.7399362,145.0107588
3073,3495,17064.939,-37.7118644,145.0107588
3074,1794,14603.213,-37.6837819,145.0107588
3075,1818,9264.93,-37.6650543,145.0107588
3076,3630,21482.314,-37.6341341,145.016269
3078,1074,6166.317,-37.7824868,145.0190242
3079,1149,6665.187,-37.7698427,145.0438252
3081,999,6263.519,-37.7417753,145.0438252
3082,2635,12754.859,-37.6649616,145.0658766
3083,2776,14207.266,-37.6987006,145.0548502
3084,1997,10136.553,-37.7436031,145.0769045
3085,1062,5097.467,-37.7248812,145.0769045
3087,727,3538.222,-37.7019248,145.0851764
3088,2357,11886.956,-37.698595,145.1099967
3089,1286,7079.514,-37.6666174,145.1541397
3090,269,2109.573,-37.670486,145.1099967
3091,245,1860.4,-37.6404295,145.1320653
3093,340,2411.882,-37.7393287,145.112755
3094,754,3793.823,-37.7196403,145.1237889
3095,2578,14308.899,-37.7049998,145.1706992
3096,217,1116.06,-37.6683887,145.1872619
3097,226,1516.339,-37.6897828,145.2369693
3099,622,3417.824,-37.5885255,145.2148736
3101,1340,8390.551,-37.803516,145.0328017
3102,459,2455.293,-37.7922797,145.0548502
3103,962,5307.957,-37.8090918,145.0769045
3104,1425,8569.104,-37.7941151,145.0879338
3105,811,4195.604,-37.7660476,145.0879338
3106,1599,8950.267,-37.7537669,145.1486206
3107,1022,5388.433,-37.7641408,145.1099967
3108,1587,8750.605,-37.7865824,145.1210303
3109,2145,11458.697,-37.7883929,145.1541397
3111,1247,7173.912,-37.7901921,145.1872619
3113,992,5658.924,-37.7386037,145.2148736
3114,415,2688.133,-37.7760752,145.2148736
3115,450,2940.992,-37.7347069,145.2590707
3116,1249,7011.101,-37.7373267,145.3088196
3121,1001,5891.279,-37.8203499,144.9997396
3122,746,4601.069,-37.8222114,145.0328017
3123,589,3606.7,-37.8310813,145.0520938
3124,1306,7551.902,-37.8334095,145.0658766
3125,1006,5127.888,-37.8483275,145.1099967
3126,429,2747.6,-37.8245223,145.0741474
3127,1231,6146.937,-37.8259003,145.0989646
3128,1128,6681.541,-37.8333543,145.1210303
3129,1228,6062.049,-37.8052948,145.1210303
3130,2645,13675.552,-37.8258214,145.1541397
3131,1951,11242.533,-37.8239091,145.1762197
3132,1265,6707.982,-37.8219905,145.1983055
3133,2386,12029.345,-37.8500602,145.1983055
3134,2841,17330.617,-37.7900435,145.2424941
3135,1744,9490.89,-37.8218486,145.2535448
3136,4155,21033.201,-37.7983502,145.2811778
3137,1596,9916.523,-37.8253798,145.3198788
3138,2305,10892.837,-37.7822365,145.3309395
3139,1883,11813.229,-37.8251456,145.5579927
3140,1833,10818.139,-37.7643547,145.3475331
3141,348,2105.661,-37.838568,144.9914761
3142,351,2927.736,-37.8432402,145.0190242
3143,299,1852.263,-37.857253,145.0190242
3144,517,3629.468,-37.8535148,145.0355574
3145,1292,6902.274,-37.8763981,145.0548502
3146,1521,8573.74,-37.8577136,145.0548502
3147,1189,6118.788,-37.8675054,145.0906914
3148,628,2916.51,-37.8819831,145.0989646
3149,3127,16338.021,-37.8772869,145.1265477
3150,6012,30870.741,-37.8921876,145.1706992
3151,1072,4856.388,-37.8552869,145.1513801
3152,3718,19555.157,-37.8668518,145.220397
3153,2310,17936.948,-37.8386354,145.2756505
3154,441,2191.723,-37.8534742,145.3198788
3155,2190,10924.023,-37.8610682,145.2867055
3156,4318,22420.332,-37.9368007,145.3032906
3158,589,3071.541,-37.9039829,145.3309395
3159,239,1175.34,-37.9225135,145.3862638
3160,810,4320.813,-37.932935,145.3475331
3161,582,4107.904,-37.8712631,145.0190242
3162,960,5733.6,-37.8932076,145.0217795
3163,1573,7899.104,-37.8950779,145.0548502
3164,21,550.2,-25.274398,133.775136
3165,1936,10076.78,-37.9174873,145.0658766
3166,1508,8737.609,-37.9006677,145.0989646
3167,810,5183.228,-37.9193474,145.0989646
3168,883,7079.965,-37.9211962,145.1320653
3169,1584,9280.689,-37.9454838,145.1210303
3170,1939,12124.072,-37.9267579,145.1762197
3171,1869,11006.19,-37.9473307,145.1541397
3172,2227,12117.701,-37.9772192,145.1320653
3173,3825,22860.851,-38.0042683,145.1706992
3174,2926,14930.003,-37.9641212,145.1762197
3175,4444,44536.664,-38.0191689,145.2148736
3176,1,5.1,-25.274398,133.775136
3177,946,4512.332,-37.9957951,145.2424941
3178,4376,21623.438,-37.9210442,145.2424941
3179,705,5186.933,-37.9042587,145.220397
3180,982,6031.985,-37.8887649,145.250782
3181,440,2456.248,-37.8544481,144.996985
3182,429,2572.575,-37.8595773,144.9777054
3183,512,2636.775,-37.8670566,144.9997396
3184,510,2319.845,-37.878722,144.9859676
3185,599,3209.561,-37.8862009,145.0080039
3186,1328,8696.144,-37.9044002,144.9997396
3187,1244,6799.817,-37.9179439,145.0190242
3188,1218,6517.639,-37.9394031,145.0135139
3189,665,5476.076,-37.9403568,145.0576067
3190,665,3718.103,-37.9487497,145.0410692
3191,740,4386.205,-37.9533967,145.0135139
3192,1738,11143.813,-37.964155,145.0658766
3193,1607,9575.787,-37.9809272,145.0328017
3194,835,5396.187,-37.9786189,145.0741474
3195,3520,24665.388,-38.0005492,145.1044805
3196,2286,11225.474,-38.048116,145.1210303
3197,1254,5587.821,-38.0742262,145.1431018
3198,1786,9201.334,-38.1021858,145.1431018
3199,5215,26468.121,-38.1645944,145.1486206
3200,432,1788.285,-38.1250223,145.162419
3201,2738,17326.277,-38.0975353,145.1706992
3202,244,2071.346,-37.9529597,145.0879338
3204,2022,11152.712,-37.9193526,145.0438252
3205,297,2218.289,-37.8338889,144.963937
3206,425,2156.294,-37.8460268,144.9584302
3207,495,4987.406,-37.8315264,144.9226452
3211,252,1756.665,-37.9368044,144.4561033
3212,2457,12919.397,-38.0110859,144.4561033
3213,570,4283.952,-37.9873525,144.2811537
3214,2456,11348.738,-38.0788809,144.3576473
3215,1983,11948.698,-38.1083132,144.3357845
3216,6408,32227.211,-38.1747227,144.3139277
3217,1788,11713.854,-38.2617284,144.3248554
3218,1187,6549.023,-38.1180538,144.2047333
3219,2187,10432.293,-38.176358,144.3849841
3220,1475,11663.759,-38.155681,144.3521811
3221,479,1871.861,-38.1636337,144.1501922
3222,2726,15202.14,-38.2049453,144.5875645
3223,1815,9279.351,-38.1610488,144.6753231
3224,1940,10363.114,-38.1833957,144.4451578
3225,1107,5647.704,-38.2735587,144.5985292
3226,2696,13580.179,-38.2573292,144.5382417
3227,976,5291.893,-38.2498059,144.4232713
3228,3291,19059.573,-38.3419249,144.2374759
3230,726,3891.591,-38.3850062,144.1501922
3231,442,2349.298,-38.451657,144.0521131
3232,176,1028.128,-38.528668,143.9324048
3233,444,2765.422,-38.7494709,143.6285244
3234,55,389.995,-38.6077436,143.8454596
3235,101,583.725,-38.455233,143.9324048
3236,63,281.125,-38.5115754,143.7043819
3237,44,419.492,-38.6505708,143.4554195
3238,60,313.04,-38.7443167,143.4122052
3239,75,487.6,-38.5619202,143.4122052
3240,401,2385.596,-38.2482932,144.1283863
3241,458,2856.013,-38.260588,143.9541563
3242,174,982.395,-38.3300725,143.8128803
3243,61,347.56,-38.4455968,143.8020236
3249,465,2852.56,-38.36853,143.4338092
3250,1231,6931.288,-38.3313559,143.5852111
3251,71,342.405,-38.1418099,143.6718623
3254,61,377.41,-38.2962142,143.5256956
3260,526,3853.815,-38.1491105,143.1319209
3264,270,2038.41,-38.2273268,142.8955875
3265,375,4336.501,-38.2633053,142.7455935
3266,383,3348.657,-38.3948462,143.1534436
3267,28,230.975,-38.467729,143.0781416
3268,357,3276.185,-38.4984954,142.9385002
3269,106,852.202,-38.6344019,143.1104044
3270,37,201.535,-38.5949819,142.8793838
3271,42,325.465,-37.9185598,143.0029169
3272,252,1589.01,-38.002399,142.8312661
3273,19,120.27,-37.9654484,142.6814062
3274,43,215.13,-37.9386771,142.5105224
3275,48,252.191,-38.2901504,142.4625357
3276,60,476.79,-38.0951382,142.4891909
3277,198,1795.67,-38.4034955,142.6814062
3278,54,391.92,-38.2755738,142.6065939
3279,36,198.59,-38.1923617,142.6279608
3280,2756,16396.876,-38.3603292,142.4678659
3281,271,2080.358,-38.2466034,142.5532048
3282,281,1692.029,-38.2971689,142.3719834
3283,186,1246.182,-38.2179522,142.2337184
3284,447,2803.031,-38.3689713,142.2007574
3285,178,960.528,-38.2498873,141.9822579
3286,73,459.446,-38.0490245,141.9791849
3287,50,277.512,-38.0416972,142.2974988
3289,122,685.752,-37.8854097,142.318772
3292,61,286.22,-38.0625136,141.1198886
3293,49,216.906,-37.7609742,142.5745556
3294,135,874.874,-37.6658132,142.318772
3300,1027,6237.812,-37.783845,142.0003599
3301,146,827.017,-37.7255033,141.8945505
3302,52,294.185,-37.8391588,141.8100218
3303,37,312.915,-37.9603082,141.5570726
3304,421,2391.738,-37.9678788,141.3889736
3305,1730,8963.763,-38.290126,141.4706543
3309,15,85.4,-37.7888212,141.5360368
3310,43,215.535,-37.7322539,141.5781151
3311,236,1211.727,-37.5824909,141.2841298
3312,125,687.525,-37.382002,141.095836
3314,88,509.741,-37.4235761,142.0639245
3315,233,1257.695,-37.4420537,141.7255991
3317,25,169.1,-37.1477475,141.5781151
3318,222,1464.231,-37.0613621,141.3050851
3319,53,292.586,-36.8910613,141.0540674
3321,297,1688.695,-38.1130535,143.9541563
3322,19,90.74,-38.0526438,143.6285244
3323,6,48.72,-38.0061194,143.4986586
3324,107,574.76,-37.8964298,143.3474304
3325,99,690.53,-37.9076784,143.1749726
3328,374,2008.477,-38.022066,144.0630048
3329,35,156.2,-37.9976266,143.88892
3330,28,152.79,-37.9359743,143.7152249
3331,1136,6468.16,-37.9939081,144.1938221
3332,189,1391.899,-37.9633341,144.1065864
3333,146,1101.242,-37.8585983,144.0194472
3334,74,424.691,-37.7625944,144.0630048
3335,2010,12970.458,-37.7304074,144.6528671
3336,2121,14342.265,-37.7215185,144.6625371
3337,4982,25577.143,-37.6095412,144.5875645
3338,4828,27545.146,-37.7810237,144.5437205
3340,3201,17139.334,-37.7356162,144.4123303
3341,281,1415.872,-37.5934691,144.3248554
3342,646,3525.481,-37.6114047,144.215646
3345,266,1453.604,-37.5678296,144.1174856
3350,6038,36622.515,-37.5691087,143.8563224
3351,1492,8247.738,-37.6978029,143.0029169
3352,2810,17548.602,-37.7122033,143.8671868
3353,11,27.84,-25.274398,133.775136
3354,1,4,-25.274398,133.775136
3355,1251,9154.993,-37.5089149,143.7911684
3356,1733,10574.248,-37.5881949,143.8183092
3357,561,3059.623,-37.6521937,143.8943543
3358,201,1386.89,-37.5805158,143.7965958
3360,132,669.625,-37.7370214,143.5202874
3361,106,634.37,-37.7488709,143.3474304
3363,655,3973.854,-37.409312,143.8780526
3364,428,2540.616,-37.3708363,143.9541563
3370,408,2181.14,-37.261355,143.8020236
3371,280,1369.665,-37.2153546,143.6718623
3373,459,2719.292,-37.4528631,143.3474304
3374,87,658.175,-37.1596728,142.8955875
3375,27,257.98,-37.390738,143.1749726
3377,1300,7340.387,-37.2971613,142.9170407
3378,19,159.695,-37.5026752,143.0244018
3379,117,643.195,-37.5195066,142.6172766
3380,784,4816.448,-37.0517769,142.7777088
3381,270,1635.158,-37.1716807,142.5745556
3384,110,593.812,-36.9882754,143.0888943
3385,116,602.405,-36.9066682,142.6600232
3387,68,339.26,-36.8204775,142.8312661
3388,102,529.12,-36.6090828,142.6600232
3390,179,911.722,-36.6209737,142.4891909
3391,32,225.675,-36.0562538,142.4252353
3392,112,534.32,-36.4286658,142.5745556
3393,443,2576.98,-36.2167744,142.4039296
3395,98,478.097,-35.9172982,142.4039296
3396,142,822.96,-35.7360202,142.318772
3400,1886,12079.838,-36.7204107,142.1806128
3401,825,5316.256,-36.9503512,142.2762322
3402,22,75.78,-25.274398,133.775136
3407,67,376.148,-37.2543103,141.8100218
3409,219,1048.23,-36.8127092,141.8100218
3412,58,228.85,-36.6744115,141.4939853
3413,26,155.672,-36.7355842,141.2213044
3414,339,1586.885,-36.314886,142.0639245
3415,3,18.46,-36.3811882,141.3784817
3418,487,2460.151,-36.2520776,141.5991643
3419,158,723.072,-36.3672353,141.2213044
3420,54,297.935,-36.0603124,141.095836
3423,84,410.329,-36.134382,141.9791849
3424,152,951.46,-35.8357024,141.9791849
3427,756,4506.166,-37.6153848,144.6862995
3428,109,899.546,-37.6342319,144.7961441
3429,4718,25793.772,-37.5424727,144.7192376
3430,47,344.69,-37.497542,144.8071366
3431,709,3857.025,-37.4525468,144.6753231
3432,41,273.245,-37.439438,144.7741635
3433,48,298.53,-37.399104,144.7796581
3434,893,4951.705,-37.3550485,144.7192376
3435,559,3283.125,-37.2423687,144.7192376
3437,1606,10513.428,-37.5197014,144.5437205
3438,332,2196.009,-37.4618532,144.620463
3440,265,1410.966,-37.4205517,144.5546793
3441,153,1012.996,-37.3981393,144.5985292
3442,1578,9087.319,-37.3324774,144.5437205
3444,1734,10459.179,-37.1335012,144.5656396
3446,239,1126.757,-37.1840298,144.3576473
3447,142,704.508,-37.1465105,144.3576473
3448,250,1217.757,-37.0470063,144.3685809
3450,1528,6351.655,-37.0636472,144.2265602
3451,1231,6106.01,-37.0991896,144.1938221
3453,478,2604.595,-36.9265571,144.2374759
3458,506,2836.15,-37.459275,144.3685809
3460,524,3015.306,-37.3405241,144.1610974
3461,1039,5360.461,-37.286475,144.1938221
3462,313,1233.197,-37.0911657,144.0630048
3463,694,3232.748,-36.9483008,143.9759139
3464,227,1503.7,-37.0150311,143.8454596
3465,1812,10378.885,-37.0550295,143.6935405
3467,293,1498.976,-37.0638618,143.4554195
3468,80,408.129,-37.1974706,143.4122052
3469,65,393.78,-37.1727781,143.2395973
3472,403,1754.825,-36.8747643,143.6068646
3475,88,404.79,-36.6942531,143.5202874
3477,181,951.568,-36.7208653,143.1749726
3478,500,3040.544,-37.0021242,143.2827118
3480,305,2216.675,-36.3286415,142.9170407
3482,50,511.6,-36.1476587,142.8312661
3483,175,1071.14,-35.9221523,142.8312661
3485,61,311.745,-35.6652195,142.7455935
3487,17,85.87,-35.5546022,142.5959129
3488,18,69.85,-35.4327537,142.4678659
3489,10,141.995,-35.3151716,142.4039296
3490,197,1538.395,-35.3571245,141.5991643
3491,29,159.93,-35.394936,142.1063337
3494,92,1038.822,-34.540636,142.1487691
3496,1083,8337.604,-34.3907124,141.4309582
3498,947,8317.796,-34.2495272,142.159382
3500,4552,34257.933,-34.2151229,142.1169401
3501,459,4007.391,-34.678204,142.318772
3502,53,337.295,-25.274398,133.775136
3505,855,6558.215,-34.189156,141.8100218
3506,3,10.42,-35.1766811,141.3679914
3507,31,150.565,-35.115573,142.0639245
3509,50,244.79,-35.1414078,141.7255991
3512,72,344.235,-35.1673606,141.095836
3515,430,2673.76,-36.8284445,144.0630048
3516,144,880.14,-36.6251143,144.0194472
3517,360,2016.973,-36.515547,143.8671868
3518,305,1487.009,-36.424265,143.6068646
3520,42,170.24,-36.3588489,143.7694626
3521,139,765.482,-37.0989702,144.851121
3522,90,451.977,-37.0314398,144.7631754
3523,963,5142.231,-36.8919051,144.7412036
3525,287,1718.628,-36.2125211,143.4338092
3527,138,783.578,-36.0005012,143.2611514
3529,17,103.54,-35.845391,143.1965079
3530,22,126.085,-35.7166782,143.1534436
3531,26,117.55,-35.6512854,142.9170407
3533,151,1049.655,-35.3404178,142.7884171
3537,208,1456.231,-36.0772722,143.6935405
3540,70,310.1,-35.8651458,143.5202874
3542,32,185.72,-35.6565961,143.4122052
3544,56,345.705,-35.4401221,143.1749726
3546,83,473.7,-35.0979662,142.9599661
3549,503,8164.034,-34.7552395,142.7455935
3550,5059,29702.629,-36.7665875,144.2920769
3551,6273,37704.381,-36.8021738,144.4779988
3552,22,84.815,-25.274398,133.775136
3554,2,6.39,-25.274398,133.775136
3555,2743,14888.807,-36.808032,144.2483931
3556,2060,10089.243,-36.6478425,144.1938221
3557,150,843.609,-36.6546373,144.5437205
3558,200,991.694,-36.4802144,144.5875645
3559,76,603.965,-36.5430106,144.8291259
3561,963,6673.571,-36.3317046,144.6533747
3562,74,726.025,-36.0471946,144.5437205
3563,173,1127.78,-36.2606223,144.4999001
3564,3214,20918.817,-36.1149809,144.6314321
3565,17,169.535,-36.186252,144.5327632
3566,122,1033.345,-35.9553896,144.3576473
3567,146,1828.29,-35.9048344,144.2374759
3568,629,5115.445,-35.8021206,144.215646
3570,180,801.695,-36.469814,144.3904526
3571,76,557.952,-36.3797092,144.1283863
3572,27,513.87,-36.3147326,144.3248554
3573,68,739.98,-36.1663341,144.3904526
3575,158,1104.76,-36.0765288,144.1283863
3576,15,203.952,-36.1415403,143.9324048
3579,1060,7526.428,-35.7583662,143.8671868
3580,230,1457.35,-35.6445701,144.1174856
3581,46,270.525,-35.6026039,143.8020236
3583,32,290.19,-35.5135995,143.6827007
3584,200,1587.85,-35.4661938,143.6285244
3585,1740,13367.687,-35.4094202,143.5202874
3586,127,1029.548,-35.2818109,143.5094722
3588,92,631.855,-35.2972762,143.4446136
3589,56,804.488,-35.2667175,143.4662269
3590,56,571.72,-35.2285875,143.4662269
3591,33,232.585,-35.205935,143.4014055
3594,145,771.815,-35.1526896,143.3582223
3595,147,669.245,-35.1832549,143.3366401
3596,18,403.815,-35.1548064,143.2827118
3597,81,1498.017,-34.9071543,143.1749726
3599,28,512.045,-34.7507483,143.1104044
3607,27,510.255,-36.8378153,145.1706992
3608,666,4084.835,-36.7719697,145.1155133
3610,383,2499.414,-36.5881288,145.2480193
3612,436,2141.36,-36.602205,145.005249
3614,232,1529.32,-36.4899607,145.325409
3616,1081,7177.785,-36.4591947,145.2038278
3617,30,245.66,-36.4005389,145.1706992
3618,166,1403.18,-36.3624013,145.1706992
3619,84,417.29,-25.274398,133.775136
3620,1656,10782.337,-36.2508546,145.093449
3621,476,3356.08,-36.2331845,144.9832134
3622,89,851.625,-36.2037168,144.8951287
3623,203,1317.245,-36.4617737,144.9832134
3624,128,1016.09,-36.4031385,144.9501708
3629,1483,8668.549,-36.2976747,145.2922335
3630,4518,26761.761,-36.4615673,145.5579927
3631,2791,20247.598,-36.4324574,145.4693163
3632,52,623.705,-25.274398,133.775136
3633,138,728.63,-36.2927129,145.480396
3634,384,2677.222,-36.2266803,145.4250118
3635,139,977.835,-36.1592629,145.3364703
3636,1159,6832.56,-36.102425,145.5136433
3637,132,1148.642,-35.9530351,145.2922335
3638,460,3272.425,-36.0388917,145.2038278
3639,150,1209.473,-35.9921604,145.005249
3640,279,3084.985,-36.0111562,145.4693163
3641,286,2086.755,-35.9078595,145.4471613
3643,41,206.2,-25.274398,133.775136
3644,1995,15366.677,-35.9546799,145.736481
3646,133,668.93,-36.2251044,145.7133909
3647,2,34.95,-36.3969441,145.6967281
3649,94,527.92,-36.0834857,145.6911745
3658,1177,6396.007,-37.2372916,145.093449
3659,186,1085.35,-37.1126329,145.1155133
3660,1285,7369.741,-37.0435482,145.2480193
3661,37,114.304,-25.274398,133.775136
3662,8,89.09,-36.9514451,144.9171412
3663,60,425.302,-36.9383316,145.1596592
3664,283,1610.827,-36.9214551,145.3364703
3665,101,486.36,-36.8222633,145.3807298
3666,1149,6472.13,-36.7549385,145.5801757
3669,330,1662.543,-36.6078959,145.7133909
3670,151,701.345,-36.6394628,145.8690603
3671,86,454.34,-25.274398,133.775136
3672,1845,10865.835,-36.6181709,145.9804173
3673,438,2391.1,-36.675664,146.1588712
3675,495,2605.48,-36.5103613,146.1812023
3676,147,608.7,-25.274398,133.775136
3677,2980,17217.688,-36.3742363,146.3264849
3678,1671,10533.274,-36.7132294,146.5168094
3682,162,1041.677,-36.1723841,146.4495924
3683,409,1937.055,-36.1761422,146.5840737
3685,716,4660.871,-36.0564816,146.4495924
3687,244,1157.751,-35.9852648,146.4383942
3688,335,1762.036,-36.1542047,146.7299747
3689,101,374.121,-25.274398,133.775136
3690,5382,32520.462,-36.1118041,146.8423556
3691,2485,16192.075,-36.2373927,146.9661233
3694,15,97.894,-25.274398,133.775136
3695,102,556.398,-36.3055342,147.1238691
3697,142,775.99,-36.6673311,147.168985
3698,264,1288.151,-36.762851,147.1351462
3699,181,1112.18,-36.8124613,147.3270485
3700,313,1946.043,-36.2031354,147.168985
3701,318,2272.628,-36.5560587,147.3722545
3704,10,52.065,-36.1192035,147.5306312
3705,69,376.433,-36.1622621,147.8026919
3707,469,2502.374,-36.4104992,147.9162555
3708,20,104.145,-36.0660058,147.9048938
3709,100,591.733,-36.0696807,147.6892483
3711,149,740.055,-37.430404,145.702282
3712,77,765.03,-37.3476485,145.8245558
3713,250,1285.115,-37.3038068,145.9804173
3714,759,4335.788,-37.1872994,145.6245586
3715,78,428.518,-36.9771194,145.7356129
3717,740,4234.956,-37.3030137,145.402868
3718,23,129.43,-37.1696241,145.5136433
3719,126,749.82,-37.0473079,145.6023644
3720,198,1320.952,-37.0207039,145.8690603
3722,1219,8545.721,-37.0313019,146.1365456
3723,735,4433.567,-37.2909944,146.2929381
3724,18,152.945,-25.274398,133.775136
3725,149,795.37,-36.4002774,145.958135
3726,101,473.785,-36.3378842,146.002705
3727,77,323.66,-36.2467001,145.958135
3728,159,787.5,-36.1554528,145.9135867
3730,2224,12938.778,-36.0520717,145.8913207
3732,153,832.702,-36.7449213,146.3153013
3733,48,354.865,-36.748307,146.4160017
3735,115,798.52,-36.5231859,146.5840737
3736,33,142.04,-25.274398,133.775136
3737,825,5149.861,-36.8466834,146.6962857
3738,43,257.29,-36.6120774,146.7749116
3739,48,425.67,-36.6332007,146.8423556
3740,243,1286.029,-36.8264122,146.8760951
3741,740,4295.36,-36.882628,147.0562333
3744,110,547.454,-36.7907956,146.9773826
3746,122,536.524,-36.3225392,146.5280168
3747,1185,6333.094,-36.3851254,146.6962857
3749,603,3185.702,-36.3378001,146.8536008
3750,3397,21893.92,-37.5891893,144.9942305
3751,16,150.51,-37.5365105,145.0603633
3752,2625,13938.351,-37.6377485,145.082419
3753,623,4048.567,-37.4822825,144.9832134
3754,5829,32302.4,-37.5963626,145.1265477
3755,36,232.89,-37.5474779,145.1486206
3756,2172,12189.506,-37.4071549,144.9832134
3757,1320,7893.169,-37.4666309,145.1596592
3758,361,1977.444,-37.3787648,145.0383133
3759,202,1259.844,-37.6400391,145.2424941
3760,68,339.641,-37.6267001,145.2867055
3761,226,1287.177,-37.5919774,145.2811778
3762,23,140.935,-37.3564385,144.9721978
3763,337,1744.727,-37.5087273,145.3696628
3764,1423,8014.532,-37.2531649,144.9171412
3765,689,3808.964,-37.8083883,145.353065
3766,110,573.49,-37.8194936,145.3862638
3767,69,390.335,-37.8421584,145.3420015
3770,480,4132.683,-37.7057909,145.4250118
3775,629,4220.343,-37.6158673,145.3807298
3777,1524,8823.404,-37.5848772,145.5136433
3778,45,228.82,-37.553614,145.6467583
3779,135,942.865,-37.6356131,146.0696009
3781,438,2170.112,-37.9473069,145.5025595
3782,895,4794.958,-37.9137981,145.4582381
3783,343,1993.506,-37.9524044,145.6023644
3785,2,11.98,-37.8782906,145.3171139
3786,139,787.385,-37.8759058,145.3309395
3787,61,329.36,-37.8645935,145.353065
3788,140,819.416,-37.8532703,145.3751961
3789,18,124.57,-37.8963853,145.3641298
3791,125,787.413,-37.9051015,145.4111713
3792,114,614.529,-37.8887708,145.3973329
3793,443,3100.467,-37.8689357,145.4360858
3795,221,1879.876,-37.8342877,145.4305486
3796,998,5095.036,-37.7791563,145.3917982
3797,504,3035.08,-37.8447909,145.702282
3799,814,4173.916,-37.6990844,145.8023118
3802,2928,13595.057,-37.9780214,145.2590707
3803,1490,11074.166,-38.0069505,145.2756505
3804,1166,8053.532,-37.9788019,145.3309395
3805,7490,36922.446,-38.0302499,145.3032906
3806,6539,34625.182,-38.0264207,145.3475331
3807,979,5544.548,-38.0347309,145.3862638
3808,454,3027.568,-37.999986,145.4360858
3809,2666,17293.938,-38.0673549,145.4139392
3810,6656,38178.496,-38.0578366,145.4693163
3812,337,2726.477,-38.0817495,145.5690835
3813,142,1256.216,-38.0477423,145.6356577
3814,347,2280.149,-38.0999051,145.6800684
3815,478,2875.7,-38.0771825,145.7245012
3816,469,3046.371,-38.086187,145.7800733
3818,2634,14045.938,-38.1155251,145.8690603
3820,2607,14903.301,-38.1692482,145.9469958
3821,537,3558.008,-38.0844084,146.002705
3822,154,901.468,-38.1797383,146.0361469
3823,423,2483.962,-38.2245094,146.0584482
3824,752,4251.541,-38.2177192,146.1812023
3825,3028,15645.213,-38.0474021,146.2929381
3831,402,2197.035,-38.0093215,146.002705
3832,54,341.18,-37.9211096,145.9915605
3833,72,451.546,-37.7865626,146.0696009
3835,75,602.19,-38.2926842,146.1812023
3840,2091,13705.227,-38.2671612,146.4495924
3842,642,3156.117,-38.3219988,146.4160017
3844,3834,23398.455,-38.2728501,146.5840737
3847,396,2398.25,-38.2317005,146.8086278
3850,1822,11140.249,-38.096577,147.0675028
3851,1461,7429.377,-38.2064012,147.1464245
3852,4,115.62,-38.1054124,147.1407852
3853,9,36.365,-25.274398,133.775136
3854,243,1404.01,-38.1223546,146.5840737
3856,209,1246.09,-38.0326139,146.5392256
3857,88,438.975,-38.0132354,146.6850587
3858,648,4722.124,-37.557605,146.6513853
3859,182,1851.307,-37.920365,146.8985944
3860,1155,6643.215,-37.6951451,146.9661233
3862,670,3841.626,-37.4228208,147.1915504
3864,50,312.156,-37.8199648,147.304453
3865,122,913.309,-37.7994292,147.468383
3869,342,1897.108,-38.3637637,146.3712327
3870,289,1229.638,-38.4631226,146.3600438
3871,547,3037.121,-38.4049813,146.1812023
3873,75,444.09,-38.3016024,146.6738329
3874,159,850.725,-38.5234965,146.8985944
3875,3280,19416.316,-37.6874281,147.5532762
3878,305,1605.422,-37.9067566,147.6779106
3880,910,4313.896,-37.9215501,147.7573
3882,274,1477.561,-37.8071978,147.7573
3885,413,1967.244,-37.2938907,148.2804541
3886,73,499.41,-37.7514308,148.42875
3887,109,643.599,-37.6989476,148.0299382
3888,670,3554.274,-37.2474912,148.6458369
3889,44,219.714,-37.609984,148.8289611
3890,67,338.242,-37.5621735,149.1960526
3891,45,174.965,-37.5126059,149.5642369
3892,329,1462.422,-37.5130708,149.7718067
3893,5,38.815,-37.4768667,147.8026919
3895,33,179.445,-37.3755587,147.848103
3896,66,385.425,-37.1819263,147.7799935
3898,143,841.726,-37.022052,147.5079912
3900,31,157.645,-36.9009009,147.8708157
3902,79,430.762,-37.8149759,147.8140428
3903,160,853.938,-37.8097254,147.8594587
3904,437,2213.077,-37.8600459,147.8367484
3909,1586,8489.245,-37.8136883,148.0299382
3910,2714,13606.442,-38.1608986,145.1927835
3911,488,3377.579,-38.1972006,145.1762197
3912,2028,11539.58,-38.2242212,145.2148736
3913,507,3239.406,-38.2651079,145.1706992
3915,1317,8049.716,-38.3059216,145.1265477
3916,269,1967.243,-38.4161358,145.0548502
3918,764,3853.118,-38.3329437,145.165179
3919,424,2042.515,-38.3534427,145.1983055
3921,82,326.889,-38.3489348,145.3364703
3922,2172,12928.769,-38.4898703,145.2038278
3923,198,1004.362,-38.4724137,145.2756505
3925,934,5750.921,-38.5282425,145.3862638
3926,700,4295.201,-38.3541527,145.1044805
3927,401,2187.652,-38.3793743,145.165179
3928,114,1047.856,-38.4018779,144.9721978
3929,330,2462.017,-38.4574538,144.9721978
3930,2108,13019.186,-38.1952209,145.0879338
3931,3081,15715.523,-38.2277083,145.0603633
3933,170,1684.379,-38.2501593,145.1265477
3934,2556,14047.374,-38.287039,145.016269
3936,1668,9481.579,-38.3352183,144.9942305
3937,334,2825.252,-38.3687813,145.0383133
3938,525,2575.962,-38.3562816,144.9336544
3939,2297,12620.907,-38.4218526,144.8951287
3940,501,2576.866,-38.3745297,144.8786231
3941,2094,11014.753,-38.3862088,144.8181305
3942,563,3148.881,-38.3645949,144.7686693
3943,499,3077.61,-38.3477833,144.746696
3944,212,1764.338,-38.3234069,144.7027669
3945,257,1526.291,-38.3930465,145.6911745
3946,60,377.345,-38.4506894,145.7245012
3950,805,4617.374,-38.4372473,145.8245558
3951,223,1408.807,-38.5195374,145.7356129
3953,1274,7822.455,-38.4586497,146.002705
3954,82,414.05,-38.5615123,145.9469958
3956,866,4688.45,-38.675332,145.8690603
3957,64,577.422,-38.5941498,146.1030672
3958,41,247.501,-38.6765966,146.013851
3959,433,2202.185,-38.760009,146.0696009
3960,664,3569.385,-38.9962856,146.3376699
3962,225,1072.785,-38.6183432,146.3488562
3964,33,150.295,-38.6847281,146.2733747
3965,71,393.376,-38.692708,146.4775937
3966,103,575.215,-38.6286899,146.4383942
3967,32,178.26,-38.6705951,146.5392256
3971,774,4207.692,-38.5613687,146.6065057
3975,2980,15467.698,-38.0704681,145.2424941
3976,3123,14048.307,-38.0349647,145.2756505
3977,16077,86246.646,-38.1347885,145.2811778
3978,6949,45338.355,-38.140252,145.3807298
3979,74,440.65,-38.4509941,145.6134608
3980,600,3362.347,-38.2092442,145.3917982
3981,823,6090.728,-38.1825837,145.5912693
3984,1437,8015.861,-38.3114378,145.5579927
3987,288,1519.698,-38.3054452,145.6800684
3988,206,1285.79,-38.310594,145.7800733
3990,29,206.73,-38.4399786,145.5247285
3991,115,629.162,-38.4734903,145.4582381
3992,244,1437.255,-38.5123976,145.6023644
3995,2235,12171.273,-38.6238593,145.6023644
3996,1401,7496.969,-38.6086874,145.7800733